std,nevals,min,max,median,avg,gen
30.9094832149,3.0,1281.14285714,1353.0,1317.28571429,1317.14285714,0.0
19.9608736872,3.0,1299.42857143,1345.71428571,1332.57142857,1325.9047619,1.0
14.3362717262,3.0,1292.28571429,1324.85714286,1315.85714286,1311.0,2.0
7.26017013377,3.0,1300.57142857,1317.28571429,1312.71428571,1310.19047619,3.0
4.99868523598,3.0,1302.85714286,1314.28571429,1305.14285714,1307.42857143,4.0
0.0,3.0,1312.71428571,1312.71428571,1312.71428571,1312.71428571,5.0
0.0,3.0,1305.14285714,1305.14285714,1305.14285714,1305.14285714,6.0
