std,nevals,min,max,median,avg,gen
44.9545319899,3.0,1256.0,1358.0,1291.57142857,1301.85714286,0.0
12.0905742515,3.0,1326.42857143,1353.28571429,1346.57142857,1342.0952381,1.0
20.055582087,3.0,1263.71428571,1307.71428571,1279.0,1283.47619048,2.0
3.90592317227,3.0,1334.42857143,1342.71428571,1342.71428571,1339.95238095,3.0
7.0037243089,3.0,1263.71428571,1278.57142857,1275.14285714,1272.47619048,4.0
1.05838622719,3.0,1340.28571429,1342.71428571,1342.28571429,1341.76190476,5.0
2.28967910099,3.0,1263.0,1267.85714286,1263.0,1264.61904762,6.0
